City,Sentiment,Count,Latitude,Longitude,Country
.ch,POSITIVE,14,46.7985624,8.231973599999998,Suisse
aadorf,POSITIVE,47,47.4915782,8.902952599999999,Suisse
aarau,POSITIVE,1164,47.3927146,8.0444448,Suisse
aarberg,POSITIVE,4,47.0443346,7.2753004,Suisse
aarburg,POSITIVE,84,47.3206417,7.8993599,Suisse
aargau,POSITIVE,1231,47.412396,8.1948321,Suisse
adelboden,POSITIVE,60,46.4927213,7.5587618,Suisse
adligenswil,POSITIVE,10,47.070535,8.368244,Suisse
adliswil,POSITIVE,33,47.3117624,8.52491,Suisse
aegerten,NEGATIVE,2,47.1202408,7.2884966,Suisse
aeschi,NEGATIVE,1,47.18042020000001,7.661874000000001,Suisse
affoltern,POSITIVE,42,47.4188265,8.5068666,Suisse
albinen,POSITIVE,29,46.34064420000001,7.633727700000001,Suisse
albisrieden,POSITIVE,15,47.3748299,8.484557800000001,Suisse
allaman,POSITIVE,10,46.4707776,6.396173999999999,Suisse
arisdorf,POSITIVE,6,47.512381299999994,7.765508199999999,Suisse
arlesheim,POSITIVE,18,47.4931125,7.6202048,Suisse
arolla,POSITIVE,1,46.025975,7.481086599999999,Suisse
arosa,POSITIVE,18,46.7797248,9.6781356,Suisse
arth,POSITIVE,23,47.0644551,8.523867300000001,Suisse
arveyes,POSITIVE,60,46.2912531,7.0626855,Suisse
arzier,POSITIVE,42,46.4599808,6.208069,Suisse
ascona,POSITIVE,247,46.155422200000004,8.7707865,Suisse
attalens,POSITIVE,5,46.5110996,6.848969599999999,Suisse
aubonne,POSITIVE,70,46.4952916,6.3915748,Suisse
auenstein,POSITIVE,22,47.4168206,8.1370602,Suisse
auslikon,POSITIVE,1,47.3446877,8.8063754,Suisse
avenches,POSITIVE,5,46.879575,7.040941,Suisse
ayent,NEGATIVE,2,46.3190236,7.4166422961500595,Suisse
baar,POSITIVE,445,47.194830200000006,8.525613400000001,Suisse
baarerstrasse,POSITIVE,1,47.170773,8.515984300000001,Suisse
bachenbülach,POSITIVE,2,47.504813899999995,8.5474099,Suisse
baden,POSITIVE,2118,47.473682700000005,8.3086822,Suisse
beatenberg,POSITIVE,6,46.6932513,7.783278999999999,Suisse
beckenried,POSITIVE,5,46.9664078,8.4744947,Suisse
beinwil,POSITIVE,17,47.2302283,8.3422897,Suisse
belfaux,POSITIVE,7,46.821625899999994,7.106868400000001,Suisse
bellach,POSITIVE,15,47.2134073,7.498331299999999,Suisse
bellinzona,POSITIVE,577,46.191861700000004,9.0204562,Suisse
bellmund,POSITIVE,2,47.1071376,7.2467743,Suisse
belp,POSITIVE,28,46.88978,7.498388,Suisse
bennwil,POSITIVE,30,47.4041393,7.7801695,Suisse
berikon,POSITIVE,22,47.3528355,8.3701013,Suisse
bern,POSITIVE,32593,46.9482713,7.4514512,Suisse
berna,POSITIVE,912,46.9482713,7.4514512,Suisse
berne,POSITIVE,4325,46.9482713,7.4514512,Suisse
bernex,POSITIVE,4,46.1746834,6.0717252,Suisse
bevaix,POSITIVE,3,46.9297213,6.8105994999999995,Suisse
bex,NEGATIVE,202,46.2515578,7.0124532,Suisse
biberist,POSITIVE,7,47.1810605,7.5626086,Suisse
biberstein,POSITIVE,1,47.4140107,8.081917,Suisse
bienna,POSITIVE,1,46.37423870000001,8.242771099999999,Suisse
bilten,POSITIVE,2,47.152156299999994,9.0280293,Suisse
bioggio,POSITIVE,1,46.0141052,8.907616699999998,Suisse
bonfol,POSITIVE,1,47.476701399999996,7.152301700000001,Suisse
bottmingen,NEGATIVE,2,47.5234501,7.5748727,Suisse
bramois,NEGATIVE,3,46.23218189999999,7.403898299999999,Suisse
bremgarten,POSITIVE,50,47.35395689999999,8.337644599999999,Suisse
brienz,POSITIVE,5,46.668616,9.594501800000002,Suisse
brigels,POSITIVE,1,46.767563200000005,9.0622845,Suisse
brissago,POSITIVE,1,46.1200663,8.7121456,Suisse
brittnau,POSITIVE,2,47.2586821,7.9466147,Suisse
brn,POSITIVE,3,46.9482713,7.4514512,Suisse
broc,POSITIVE,14,46.6044669,7.0989913,Suisse
bronschhofen,POSITIVE,45,47.48032445,9.05149932746811,Suisse
broye,NEGATIVE,394,46.7763435,6.9086151,Suisse
brugg,POSITIVE,47,47.4824633,8.2085662,Suisse
brügg,POSITIVE,2,47.4824633,8.2085662,Suisse
brünisried,POSITIVE,2,46.760157899999996,7.2780335,Suisse
brütten,POSITIVE,16,47.4731491,8.6753241,Suisse
brüttisellen,POSITIVE,16,47.42425789999999,8.630773399999999,Suisse
bubendorf,POSITIVE,4,47.446684000000005,7.73535,Suisse
bubikon,POSITIVE,12,47.26829229999999,8.819161300000001,Suisse
buckhauserstr,POSITIVE,2,47.3864698,8.493683500000001,Suisse
burtigny,NEGATIVE,1,46.4687203,6.256770700000001,Suisse
buus,POSITIVE,5,47.505526399999994,7.8650401,Suisse
bärn,POSITIVE,29,46.9482713,7.4514512,Suisse
büttikon,POSITIVE,6,47.32601470000001,8.2677621,Suisse
bützberg,POSITIVE,1,47.2138471,7.7426303,Suisse
canvee,POSITIVE,3,46.2796662,9.004169000000001,Suisse
carouge,POSITIVE,193,46.1846691,6.1396839000000005,Suisse
caslano,POSITIVE,64,45.9708722,8.883654400000001,Suisse
celerina,POSITIVE,14,46.5132296,9.858624800000001,Suisse
celigny,POSITIVE,56,46.350584399999995,6.1949435,Suisse
cenevre,POSITIVE,41,46.2017559,6.146601400000001,Suisse
cernier,POSITIVE,1,47.05945379999999,6.9053838,Suisse
chamoson,POSITIVE,16,46.20339179999999,7.221887700000001,Suisse
champery,POSITIVE,9,46.1756791,6.8687664999999996,Suisse
champsec,POSITIVE,2,46.0567616,7.243235799999999,Suisse
champvent,POSITIVE,7,46.782805200000006,6.5726094,Suisse
champéry,POSITIVE,88,46.1756791,6.8687664999999996,Suisse
chesieres,POSITIVE,2,46.3012904,7.0425766,Suisse
chreis,POSITIVE,1,47.3786425,8.521129400000001,Suisse
collombey,POSITIVE,81,46.267673200000004,6.94607,Suisse
commeire,POSITIVE,1,46.023686,7.1661795,Suisse
commugny,POSITIVE,3,46.318230799999995,6.1757684,Suisse
confederaziun,POSITIVE,45,46.7985624,8.231973599999998,Suisse
confoederatio,POSITIVE,278,46.7985624,8.231973599999998,Suisse
conthey,NEGATIVE,178,46.227979600000005,7.3044209,Suisse
contone,NEGATIVE,2,46.1487696,8.9261455,Suisse
coppet,POSITIVE,241,46.316338,6.1929509000000005,Suisse
cordast,POSITIVE,3,46.875632200000005,7.1484442999999995,Suisse
corminboeuf,POSITIVE,4,46.811631799999994,7.105248599999999,Suisse
cormondrèche,POSITIVE,2,46.981761,6.869086200000001,Suisse
cortaillod,POSITIVE,7,46.943231899999994,6.845894400000001,Suisse
courgevaux,POSITIVE,2,46.9075278,7.111047099999999,Suisse
courtelary,POSITIVE,2,47.1785533,7.0703235,Suisse
crans,POSITIVE,309,46.30688189999999,7.4687012,Suisse
crassier,NEGATIVE,1,46.374331,6.164548,Suisse
cressier,POSITIVE,1,46.8986683,7.1417574,Suisse
crissier,POSITIVE,13,46.5538658,6.577250099999999,Suisse
davos,POSITIVE,383,46.7961744,9.8237266,Suisse
derendingen,POSITIVE,1,47.1995305,7.5859837,Suisse
dielsdorf,POSITIVE,88,47.4810371,8.4543245,Suisse
diepoldsau,POSITIVE,2,47.385951299999995,9.655604199999999,Suisse
diessenhofen,POSITIVE,3,47.6875317,8.749267300000001,Suisse
dietikon,POSITIVE,194,47.406882700000004,8.4020894,Suisse
dietlikon,POSITIVE,26,47.422280799999996,8.615597900000001,Suisse
dietschwil,NEGATIVE,2,47.4220832,9.0152844,Suisse
dietwil,POSITIVE,3,47.148370299999996,8.3930952,Suisse
dintikon,POSITIVE,1,47.363643200000006,8.227791400000001,Suisse
diolly,POSITIVE,67,46.2388525,7.344252,Suisse
disentis,POSITIVE,16,46.7041748,8.8549785,Suisse
dombresson,POSITIVE,1,47.0711321,6.9565125,Suisse
domdidier,POSITIVE,2,46.8666493,7.0133352,Suisse
doppleschwand,NEGATIVE,4,47.0180184,8.0552559,Suisse
dornach,NEGATIVE,237,47.4806097,7.6176609,Suisse
duillier,POSITIVE,1,46.4097312,6.235451,Suisse
effretikon,POSITIVE,13,47.428313700000004,8.686971400000001,Suisse
emmenbrücke,POSITIVE,3,47.0775171,8.270896400000002,Suisse
emmetten,POSITIVE,66,46.95656629999999,8.512841400000001,Suisse
ennenda,POSITIVE,4,47.033828,9.0779218,Suisse
epalinges,POSITIVE,45,46.547327,6.6726244999999995,Suisse
ependes,NEGATIVE,2,46.7431583,6.6083432,Suisse
epfl,POSITIVE,169,46.5186594,6.566561505148,Suisse
eriswil,POSITIVE,1,47.0776383,7.8501785,Suisse
erlinsbach,POSITIVE,13,47.396866100000004,8.0133738,Suisse
erschwil,POSITIVE,36,47.3735346,7.5416739,Suisse
ersigen,NEGATIVE,10,47.0945001,7.5962823,Suisse
eschlikon,POSITIVE,27,47.4626951,8.957156,Suisse
estavayer,POSITIVE,30,46.85385975,6.88652552578417,Suisse
etagnières,POSITIVE,9,46.6001382,6.6134167,Suisse
evilard,POSITIVE,15,47.1494705,7.239571099999999,Suisse
evolène,POSITIVE,10,46.1127301,7.4957066999999995,Suisse
eysins,NEGATIVE,134,46.380298100000005,6.205230599999999,Suisse
ferenbalm,POSITIVE,1,46.948832700000004,7.2109008,Suisse
fislisbach,POSITIVE,1,47.4369564,8.289413799999998,Suisse
frauenfeld,POSITIVE,180,47.5562359,8.8964139,Suisse
fribourg,POSITIVE,4607,46.803319200000004,7.16175552542195,Suisse
friedlisberg,POSITIVE,1,47.362606400000004,8.388943,Suisse
frutigen,POSITIVE,26,46.5874205,7.6444369000000005,Suisse
fulenbach,POSITIVE,2,47.273723499999996,7.8309213,Suisse
fully,POSITIVE,232,46.1390008,7.114654400000001,Suisse
fägswil,POSITIVE,20,47.265789700000006,8.877432,Suisse
fällanden,POSITIVE,8,47.37132379999999,8.6388635,Suisse
füllinsdorf,NEGATIVE,1,47.5056654,7.729959700000001,Suisse
gals,POSITIVE,6,47.0270607,7.048625200000001,Suisse
gams,POSITIVE,33,47.2054106,9.442126400000001,Suisse
gansingen,POSITIVE,4,47.5432969,8.1343542,Suisse
gasel,POSITIVE,1,46.899674700000006,7.4034016000000005,Suisse
gattikon,NEGATIVE,2,47.28430529999999,8.548761099999998,Suisse
gebenstorf,POSITIVE,2,47.4817945,8.240738499999999,Suisse
gelterkinden,POSITIVE,28,47.464006899999994,7.854449499999999,Suisse
geneva,POSITIVE,139810,46.2017559,6.146601400000001,Suisse
geneve,POSITIVE,2517,46.2017559,6.146601400000001,Suisse
genf,NEGATIVE,370,46.2017559,6.146601400000001,Suisse
genolier,POSITIVE,1,46.4350251,6.2178235,Suisse
genthod,NEGATIVE,1,46.2644177,6.1570636,Suisse
genève,POSITIVE,20845,46.2017559,6.146601400000001,Suisse
genève.,NEGATIVE,1,46.2017559,6.146601400000001,Suisse
genéve,POSITIVE,3,46.2017559,6.146601400000001,Suisse
givisiez,POSITIVE,1,46.81450529999999,7.1295693,Suisse
gontenschwil,POSITIVE,20,47.2724829,8.1452923,Suisse
granges,POSITIVE,1,47.1968713,7.3965792,Suisse
greifensee,POSITIVE,62,47.347153999999996,8.679475177486191,Suisse
grenchen,POSITIVE,299,47.1968713,7.3965792,Suisse
greppen,NEGATIVE,2,47.054825,8.430604400000002,Suisse
grimentz,POSITIVE,37,46.180294700000005,7.573834,Suisse
grimisuat,POSITIVE,2,46.2611718,7.3854291,Suisse
grindelwald,POSITIVE,387,46.62427329999999,8.0367462,Suisse
grolley,POSITIVE,5,46.833116600000004,7.0668617,Suisse
gruyères,POSITIVE,11,46.5838003,7.0826682,Suisse
grüsch,POSITIVE,1,46.9790731,9.6468917,Suisse
grüt,POSITIVE,40,46.6855057,7.829243099999999,Suisse
gstaad,POSITIVE,280,46.4740433,7.2857944,Suisse
gva,POSITIVE,878,46.2369,6.1089,Suisse
gèneve,POSITIVE,8,46.2017559,6.146601400000001,Suisse
gümligen,POSITIVE,3,46.9345928,7.5110516,Suisse
hallau,POSITIVE,12,47.6965281,8.457861300000001,Suisse
hirzel,NEGATIVE,7,47.2167038,8.6089914,Suisse
hittnau,POSITIVE,1,47.3682799,8.823370800000001,Suisse
hombrechtikon,POSITIVE,13,47.2523354,8.7680277,Suisse
horgen,POSITIVE,126,47.260692,8.5976831,Suisse
horw,POSITIVE,66,47.0185008,8.310779700000001,Suisse
huemoz,NEGATIVE,1,46.2911726,7.024971799999999,Suisse
hunenberg,POSITIVE,15,47.1750888,8.4262289,Suisse
huttwil,POSITIVE,2,47.1147419,7.8455436,Suisse
hölstein,POSITIVE,74,47.424735399999996,7.7698197,Suisse
hünenberg,POSITIVE,41,47.1750888,8.4262289,Suisse
hüttwilen,POSITIVE,26,47.6073934,8.871922300000001,Suisse
ittigen,POSITIVE,4,46.9790726,7.481521300000001,Suisse
jegenstorf,POSITIVE,2,47.0498143,7.5085719,Suisse
jonen,POSITIVE,17,47.2959739,8.3950641,Suisse
jonschwil,POSITIVE,46,47.4231947,9.0865706,Suisse
jouxtens,POSITIVE,41,46.5507923,6.595488499999999,Suisse
jungfrau,POSITIVE,2,46.5367739,7.962590700000001,Suisse
kaiseraugst,POSITIVE,21,47.5399823,7.7230178,Suisse
kaisten,POSITIVE,2,47.538216999999996,8.044461,Suisse
kallnach,POSITIVE,3,47.0205806,7.2363159,Suisse
kandersteg,POSITIVE,71,46.497586600000005,7.675663799999999,Suisse
kastanienbaum,POSITIVE,2,47.0130792,8.33487,Suisse
kirchleerau,POSITIVE,1,47.2755071,8.0702913,Suisse
koppigen,POSITIVE,5,47.134711200000005,7.6003107000000005,Suisse
kornhausplatz,POSITIVE,2,46.949226700000004,7.447814299999999,Suisse
krattigen,POSITIVE,1,46.660973,7.7256121,Suisse
kreuzlingen,POSITIVE,142,47.646436200000004,9.1725621,Suisse
kriegstetten,POSITIVE,2,47.175109,7.599060000000001,Suisse
kriens,POSITIVE,308,47.035094799999996,8.2791767,Suisse
kuessnacht,POSITIVE,6,47.08385,8.4386308,Suisse
kölliken,POSITIVE,20,47.333807,8.021037,Suisse
köniz,POSITIVE,124,46.9222385,7.413058199999999,Suisse
küsnacht,POSITIVE,559,47.3179942,8.580820800000001,Suisse
küssnacht,POSITIVE,128,47.08385,8.4386308,Suisse
küttigen,POSITIVE,5,47.419363,8.043330000000001,Suisse
lachen,POSITIVE,80,47.1923827,8.852383300000001,Suisse
landquart,POSITIVE,92,46.96137185,9.560340898409539,Suisse
langenbruck,POSITIVE,1,47.349827399999995,7.7681007,Suisse
laufenburg,POSITIVE,50,47.560461700000005,8.0601696,Suisse
laupen,POSITIVE,2,46.9033021,7.239642,Suisse
lauperswil,POSITIVE,5,46.9644914,7.741816900000001,Suisse
lausana,NEGATIVE,30,46.5218269,6.6327025,Suisse
lausanne,POSITIVE,29926,46.5218269,6.6327025,Suisse
lausen,POSITIVE,39,47.473645899999994,7.759113900000001,Suisse
lauterbrunnen,POSITIVE,80,46.59390429999999,7.9078016,Suisse
lengnau,POSITIVE,11,47.521079,8.3301378,Suisse
leysin,POSITIVE,66,46.3438701,7.0148402999999995,Suisse
liebistorf,POSITIVE,1,46.908714399999994,7.1922334,Suisse
locarno,POSITIVE,739,46.1695112,8.795421699999999,Suisse
lommis,POSITIVE,2,47.51829420000001,8.9952685,Suisse
los,POSITIVE,253,46.93466420000001,7.448521700000001,Suisse
losanna,POSITIVE,3,46.5218269,6.6327025,Suisse
lostorf,POSITIVE,22,47.385220200000006,7.9462061,Suisse
lottigna,POSITIVE,3,46.4698773,8.9435117,Suisse
lucern,POSITIVE,5,47.0505452,8.3054682,Suisse
lucerna,POSITIVE,48,47.0505452,8.3054682,Suisse
luchsingen,POSITIVE,11,46.9657664,9.0375677,Suisse
lufingen,POSITIVE,8,47.48916105,8.59291976579581,Suisse
lupfig,NEGATIVE,1,47.439663,8.2056039,Suisse
lutry,POSITIVE,161,46.5032766,6.6867879,Suisse
luzern,POSITIVE,4600,47.0505452,8.3054682,Suisse
luzerna,POSITIVE,22,47.0505452,8.3054682,Suisse
lyss,POSITIVE,807,47.072136799999996,7.305262,Suisse
lyssach,POSITIVE,1,47.0650881,7.5819291,Suisse
länggasse,POSITIVE,64,47.1493851,8.115119400000001,Suisse
lötschental,POSITIVE,7,46.41299420000001,7.807629400000001,Suisse
lützelflüh,POSITIVE,6,47.0093461,7.6886004,Suisse
maienfeld,POSITIVE,14,47.007728799999995,9.5309225,Suisse
massagno,NEGATIVE,3,46.01269979999999,8.944366699999998,Suisse
matzingen,NEGATIVE,1,47.5199826,8.934077,Suisse
meggen,POSITIVE,249,47.0470746,8.3733992,Suisse
meilen,POSITIVE,36,47.26941970000001,8.6425901,Suisse
meiringen,POSITIVE,4,46.7285518,8.1870934,Suisse
meisterschwanden,POSITIVE,13,47.2949842,8.2277227,Suisse
melano,POSITIVE,10,45.9251448,8.983590199999998,Suisse
melchsee,POSITIVE,3,46.77038445,8.27194476340332,Suisse
mellingen,POSITIVE,10,47.419513099999996,8.274659,Suisse
mels,POSITIVE,1,47.0467333,9.419293199999998,Suisse
mendrisio,POSITIVE,140,45.8709902,8.9873461,Suisse
menziken,POSITIVE,51,47.240878,8.187274,Suisse
menzingen,POSITIVE,3,47.1783649,8.5899265,Suisse
merenschwand,NEGATIVE,1,47.261658000000004,8.3779916,Suisse
mettau,NEGATIVE,2,47.5639096,8.1274979,Suisse
mettmenstetten,POSITIVE,11,47.243488,8.4636702,Suisse
meyrin,POSITIVE,70,46.232897799999996,6.0818803,Suisse
montagnola,POSITIVE,25,45.9829968,8.918189300000002,Suisse
mühledorf,POSITIVE,1,46.8284601,7.5397619,Suisse
münchenbuchsee,POSITIVE,38,47.0213315,7.451919599999999,Suisse
münchenstein,POSITIVE,7,47.5187909,7.6174515,Suisse
münchwilen,POSITIVE,5,47.537951299999996,7.9629997,Suisse
münsingen,POSITIVE,83,46.8739775,7.5631943,Suisse
münsterlingen,NEGATIVE,1,47.631287,9.2329998,Suisse
mürren,POSITIVE,1,46.5594576,7.8929320999999995,Suisse
naters,POSITIVE,35,46.3242659,7.9884511,Suisse
nebikon,POSITIVE,2,47.18965,7.973802,Suisse
neerach,POSITIVE,12,47.5112292,8.4716,Suisse
nendaz,POSITIVE,54,46.1867083,7.3051008,Suisse
neuchâtel,POSITIVE,2692,46.9895828,6.9292641,Suisse
neuenburg,POSITIVE,1,46.9895828,6.9292641,Suisse
neuenegg,POSITIVE,7,46.895472,7.303441599999999,Suisse
neuenhof,POSITIVE,6,47.4469866,8.3273496,Suisse
neuenkirch,NEGATIVE,1,47.1002397,8.2029897,Suisse
nidau,POSITIVE,477,47.1250287,7.241157,Suisse
nidwalden,POSITIVE,27,46.942756,8.4119773,Suisse
niederbipp,POSITIVE,3,47.2684936,7.693334299999999,Suisse
niederurnen,POSITIVE,13,47.1257569,9.054739699999999,Suisse
obergösgen,NEGATIVE,3,47.364104,7.9512089999999995,Suisse
oberkulm,POSITIVE,3,47.2989191,8.1216116,Suisse
oberlunkhofen,POSITIVE,3,47.311931,8.390497400000001,Suisse
oberrieden,POSITIVE,4,47.278074100000005,8.576096699999999,Suisse
oberrohrdorf,POSITIVE,3,47.421817,8.316452,Suisse
obersiggenthal,NEGATIVE,20,47.487555,8.294005199999999,Suisse
oberuzwil,POSITIVE,2,47.419639399999994,9.14380797316803,Suisse
oberwil,POSITIVE,63,47.5136942,7.5527853,Suisse
oberägeri,POSITIVE,29,47.134654,8.6133186,Suisse
obfelden,POSITIVE,21,47.2617701,8.4197059,Suisse
oensingen,NEGATIVE,2,47.2874895,7.711046499999999,Suisse
oerlikon,POSITIVE,4,47.4104211,8.544585099999999,Suisse
oftringen,POSITIVE,62,47.312659499999995,7.92099,Suisse
ollon,POSITIVE,156,46.297242600000004,6.995025699999999,Suisse
olten,POSITIVE,1445,47.3496571,7.9037869999999995,Suisse
onex,POSITIVE,26,46.183688700000005,6.1001121,Suisse
orbe,POSITIVE,62,46.724144,6.5317943,Suisse
orvin,NEGATIVE,3,47.1606885,7.212695,Suisse
ostermundigen,POSITIVE,333,46.9582779,7.4911242,Suisse
ostschweiz,NEGATIVE,1,47.41133225,9.27071413944569,Suisse
otelfingen,POSITIVE,3,47.460873,8.3892173,Suisse
othmarsingen,POSITIVE,1,47.402348100000005,8.2162901,Suisse
ovronnaz,POSITIVE,2,46.1989846,7.172337700000001,Suisse
ow,POSITIVE,34,46.8613857,8.2067825,Suisse
pfauen,POSITIVE,3,46.905792299999995,7.0740011,Suisse
pfisterhölzli,POSITIVE,45,47.363712400000004,8.689735699999998,Suisse
pfyn,POSITIVE,20,47.5970331,8.953673599999998,Suisse
pfäffikon,POSITIVE,165,47.2003055,8.7780752,Suisse
pianezzo,NEGATIVE,1,46.1689532,9.029511999999999,Suisse
pieterlen,POSITIVE,16,47.1750219,7.3361682,Suisse
pontresina,POSITIVE,45,46.489993,9.9042965,Suisse
porrentruy,POSITIVE,16,47.417129700000004,7.0761342,Suisse
poschiavo,NEGATIVE,144,46.3264671,10.0581552,Suisse
postfinance,POSITIVE,3,47.3446888,8.5329516,Suisse
prangins,POSITIVE,14,46.394797600000004,6.2487870999999995,Suisse
pratteln,POSITIVE,46,47.5192013,7.6944741,Suisse
praz,POSITIVE,1,46.667525700000006,6.4272029,Suisse
presinge,POSITIVE,1,46.2191549,6.25636,Suisse
preverenges,NEGATIVE,1,46.516083,6.526853,Suisse
prilly,POSITIVE,339,46.534566,6.6055827,Suisse
prily,POSITIVE,1,46.199582799999995,7.2621485,Suisse
rebévelier,POSITIVE,7,47.291300799999995,7.1918312,Suisse
recherswil,POSITIVE,1,47.16125,7.5942522,Suisse
regensdorf,POSITIVE,142,47.4316696,8.4686942,Suisse
reiden,POSITIVE,10,47.246019399999994,7.9730383,Suisse
reitnau,POSITIVE,19,47.2513234,8.0449307,Suisse
renens,POSITIVE,50,46.5349093,6.592844199999999,Suisse
rheinfelsstrasse,POSITIVE,6,46.8508394,9.5119364,Suisse
riederalp,POSITIVE,31,46.3781714,8.0331353,Suisse
riehen,POSITIVE,69,47.5750216,7.634640400000001,Suisse
riggisberg,POSITIVE,7,46.8106696,7.4798275,Suisse
roggliswil,POSITIVE,12,47.2111654,7.8827159,Suisse
rolle,POSITIVE,50,46.460156299999994,6.3380469,Suisse
romandie,NEGATIVE,1,46.5201383,6.6312755,Suisse
romanel,POSITIVE,4,46.5621173,6.6055577,Suisse
romanshorn,POSITIVE,30,47.565445200000006,9.377603599999999,Suisse
root,NEGATIVE,521,47.1153443,8.3911091,Suisse
rorschach,NEGATIVE,10,47.4776304,9.5019983,Suisse
rotkreuz,POSITIVE,48,47.140774799999996,8.4308106,Suisse
salvan,POSITIVE,8,46.1219825,7.0208326,Suisse
sargans,POSITIVE,243,47.0482641,9.4401995,Suisse
sarmenstorf,POSITIVE,5,47.309920899999995,8.2485603,Suisse
sarnen,POSITIVE,20,46.8956729,8.2461492,Suisse
satigny,POSITIVE,6,46.215770299999996,6.0330885,Suisse
sattel,POSITIVE,276,47.0810016,8.633486300000001,Suisse
savagnier,POSITIVE,116,47.050346000000005,6.956586,Suisse
schaffhausen,POSITIVE,1515,47.6960491,8.634513,Suisse
scharans,NEGATIVE,1,46.718123299999995,9.459744800000001,Suisse
schattdorf,NEGATIVE,1,46.8636973,8.6509309,Suisse
schiers,POSITIVE,4,46.968931500000004,9.6900481,Suisse
schindellegi,POSITIVE,2,47.175612,8.7112027,Suisse
schinznach,NEGATIVE,1,47.4473496,8.13772978603844,Suisse
schlieren,POSITIVE,94,47.396514700000004,8.444486099999999,Suisse
schluein,POSITIVE,1,46.7885941,9.2282504,Suisse
schmerikon,POSITIVE,38,47.2256001,8.9415774,Suisse
schmiedengasse,POSITIVE,3,47.207620899999995,7.534994,Suisse
schoetz,POSITIVE,3,47.169844299999994,7.9884821,Suisse
schoren,POSITIVE,2,47.438651899999996,7.7755582,Suisse
schwellbrunn,POSITIVE,1,47.352345,9.249133500000001,Suisse
schwerzenbach,POSITIVE,14,47.38150170000001,8.6523009,Suisse
schänis,NEGATIVE,2,47.1591758,9.046679300000001,Suisse
schöftland,POSITIVE,11,47.305451700000006,8.0527946,Suisse
schönenbuch,NEGATIVE,1,47.537212,7.5020354000000005,Suisse
schönenwerd,POSITIVE,38,47.3721555,8.0054417,Suisse
schönholzerswilen,POSITIVE,1,47.5165928,9.1392258,Suisse
schötz,POSITIVE,1,47.169844299999994,7.9884821,Suisse
schübelbach,POSITIVE,4,47.172673100000004,8.9287461,Suisse
schüpfheim,POSITIVE,13,46.9517118,8.0178124,Suisse
scuol,POSITIVE,17,46.7962805,10.2976297,Suisse
sedrun,POSITIVE,3,46.681934399999996,8.7745246,Suisse
seestrasse,NEGATIVE,1,47.3448647,8.7042661,Suisse
sementina,NEGATIVE,31,46.1827458,8.9925576,Suisse
sevelen,POSITIVE,39,47.1206973,9.487219999999999,Suisse
siebnen,POSITIVE,9,47.17553529999999,8.898714199999999,Suisse
sigriswil,NEGATIVE,6,46.716429299999994,7.716069900000001,Suisse
sion.est,POSITIVE,1,46.2371613,7.3854527,Suisse
sirnach,POSITIVE,40,47.4615879,8.9938883,Suisse
sissach,POSITIVE,31,47.46347670000001,7.812563900000001,Suisse
sisseln,POSITIVE,1,47.5534624,7.989416,Suisse
soleure,POSITIVE,15,47.2081355,7.5384044999999995,Suisse
solothurn,POSITIVE,908,47.2081355,7.5384044999999995,Suisse
sonogno,POSITIVE,3,46.350308399999996,8.7863269,Suisse
sornetan,POSITIVE,2,47.275123,7.2171688,Suisse
spiez,POSITIVE,2432,46.6919473,7.6774655,Suisse
sportanlage,POSITIVE,2,46.669153,8.5879411,Suisse
steckborn,POSITIVE,97,47.6653429,8.9815246,Suisse
suhr,POSITIVE,4,47.373214000000004,8.0795198,Suisse
suiça,POSITIVE,167,46.7985624,8.231973599999998,Suisse
sursee,POSITIVE,150,47.17403710000001,8.1089654,Suisse
susten,POSITIVE,1,46.310925,7.640639500000001,Suisse
svizra,POSITIVE,3,46.7985624,8.231973599999998,Suisse
switzerland.,POSITIVE,5,46.7985624,8.231973599999998,Suisse
switzerland...for,POSITIVE,5,47.425923,7.8318047,Suisse
szwajcaria,POSITIVE,5,46.7985624,8.231973599999998,Suisse
säriswil,POSITIVE,1,46.991195700000006,7.334561,Suisse
tamins,POSITIVE,2,46.8292948,9.4064966,Suisse
tavannes,NEGATIVE,1,47.220131,7.198669099999999,Suisse
tellstrasse,POSITIVE,2,47.4656097,9.0435197,Suisse
tenero,POSITIVE,1,46.179396999999994,8.850430900000001,Suisse
tenniken,POSITIVE,14,47.4363734,7.811685099999999,Suisse
teufen,POSITIVE,22,47.392763,9.394722199999999,Suisse
thalwil,POSITIVE,78,47.2944325,8.563576199999998,Suisse
titterten,NEGATIVE,1,47.4015489,7.7171561,Suisse
trelex,POSITIVE,7,46.414967,6.2048987,Suisse
trimmis,NEGATIVE,1,46.8970804,9.563425099999998,Suisse
troinex,POSITIVE,7,46.1616537,6.147819,Suisse
tschuggen,POSITIVE,3,47.075754100000005,9.419699900000001,Suisse
twann,POSITIVE,4,47.093989,7.154813900000001,Suisse
tägerwilen,POSITIVE,44,47.6563994,9.1310646,Suisse
tänikon,NEGATIVE,2,47.4791481,8.906492800000002,Suisse
ueberstorf,POSITIVE,2,46.8650568,7.3114056,Suisse
uerikon,POSITIVE,23,47.2350588,8.7573767,Suisse
uetendorf,POSITIVE,35,46.774144,7.569395,Suisse
uetikon,POSITIVE,15,47.2589924,8.6792539,Suisse
uezwil,POSITIVE,13,47.3171905,8.2758947,Suisse
uitikon,POSITIVE,8,47.3705756,8.4530961,Suisse
unterohringen,POSITIVE,3,47.534403499999996,8.714365800000001,Suisse
vallorbe,NEGATIVE,2,46.712049799999996,6.379010500000001,Suisse
valposchiavo,POSITIVE,8,46.3253339,10.057856300000001,Suisse
vaud,POSITIVE,1395,46.6356963,6.5320717,Suisse
vaumarcus,POSITIVE,31,46.8772258,6.752500200000001,Suisse
vd,POSITIVE,57,46.6356963,6.5320717,Suisse
verbier,POSITIVE,724,46.0967949,7.2285478,Suisse
vernier,POSITIVE,10,46.214398100000004,6.083250700000001,Suisse
verscio,POSITIVE,8,46.185990000000004,8.7311841,Suisse
versoix,POSITIVE,37,46.276757200000006,6.168958,Suisse
verzasca,NEGATIVE,14,46.277168100000004,8.8070929,Suisse
veve,POSITIVE,179,46.4634985,6.8427295,Suisse
villarepos,POSITIVE,17,46.8835427,7.0728967,Suisse
villarzel,POSITIVE,5,46.7478499,6.9118617,Suisse
villigen,POSITIVE,110,47.5262684,8.214728200000001,Suisse
villmergen,POSITIVE,4,47.3470428,8.246973299999999,Suisse
vitznau,POSITIVE,34,47.0091184,8.484656900000001,Suisse
volketswil,POSITIVE,74,47.389861700000004,8.690503,Suisse
vullierens,POSITIVE,3,46.5730401,6.4816261,Suisse
wahlern,POSITIVE,48,46.827063,7.353069500000001,Suisse
werd,NEGATIVE,5,47.371916299999995,8.52740995498992,Suisse
wetzikon,POSITIVE,311,47.3226925,8.7980939,Suisse
who,POSITIVE,10,46.232707700000006,6.134280801088999,Suisse
wichtrach,POSITIVE,9,46.8457306,7.578341900000001,Suisse
widnau,POSITIVE,15,47.405342600000004,9.635629400000001,Suisse
wiesendangen,POSITIVE,1,47.521305100000006,8.788990400000001,Suisse
wiestistrasse,POSITIVE,2,46.0229753,7.752308900000001,Suisse
wikon,POSITIVE,1,47.2628109,7.9675994999999995,Suisse
winterthur,POSITIVE,4655,47.4991723,8.7291498,Suisse
wohlen,POSITIVE,113,47.3504945,8.278690600000001,Suisse
wohlensee,POSITIVE,13,46.96608815,7.316296665267579,Suisse
wolhusen,POSITIVE,5,47.05747,8.0731509,Suisse
wollerau,POSITIVE,255,47.195724,8.7194699,Suisse
wädenswil,POSITIVE,71,47.2278836,8.6701981,Suisse
wängi,POSITIVE,16,47.49093045,8.95544913039773,Suisse
zermatt,POSITIVE,1527,46.0222273,7.749400200000001,Suisse
zernez,POSITIVE,10,46.6979839,10.0943311,Suisse
zetzwil,POSITIVE,1,47.286261200000006,8.150826299999999,Suisse
zg,POSITIVE,139,47.148613700000006,8.553937800000002,Suisse
zhaw,NEGATIVE,1,47.377623799999995,8.5327375,Suisse
zofingen,POSITIVE,10367,47.288491,7.945825900000001,Suisse
zollikerberg,POSITIVE,1,47.3456637,8.5993998,Suisse
zollikofen,POSITIVE,39,46.9959463,7.4576417,Suisse
zollikon,POSITIVE,2,47.3395679,8.576126400000001,Suisse
zrh,POSITIVE,877,47.458280200000004,8.548178,Suisse
zuchwil,POSITIVE,1,47.2037732,7.559418400000001,Suisse
zuerich,POSITIVE,1059,47.3685586,8.540443400000001,Suisse
zug,POSITIVE,5612,47.1679898,8.517365199999999,Suisse
zugerstr,POSITIVE,10,47.230010899999996,8.614036,Suisse
zunzgen,POSITIVE,2,47.4504005,7.80462,Suisse
zurich,POSITIVE,160664,47.3685586,8.540443400000001,Suisse
zürich,POSITIVE,89883,47.3685586,8.540443400000001,Suisse
